COLUMN_1,COLUMN_2
00111 - MCFALL,001MCFALL
00112 - CROCKETT,001CROCKETT
00113 - KEATON,001KEATON
00114 - MILL BAYOU,001MILL BAYOU
00115 - ALMYRA,001ALMYRA
00121 - PRAIRIE,001PRAIRIE
00122 - LAGRUE,001LAGRUE
00123 - ST. CHARLES,001ST. CHARLES
00131 - CHESTER,001CHESTER
00132 - ARKANSAS,001ARKANSAS
00133 - STANLEY,001STANLEY
00134 - GILLETT WARD 1,001GILLETT WARD 1
00135 - GILLETT WARD 2,001GILLETT WARD 2
00136 - GILLETT WARD 3,001GILLETT WARD 3
00137 - PT DELUCE,001PT DELUCE
00138 - BAYOU METO,001BAYOU METO
00141 - MORRIS,001MORRIS
00142 - GUM POND,001GUM POND
00143 - BARTON,001BARTON
00144 - HENTON,001HENTON
00145 - BREWER,001BREWER
00146 - GARLAND,001GARLAND
00147 - HUMPHREY WARD 1,001HUMPHREY WARD 1
00148 - HUMPHREY WARD 3,001HUMPHREY WARD 3
00151 - DEWITT 1,001DEWITT 1
00153 - DEWITT 2,001DEWITT 2
00155 - DEWITT 3,001DEWITT 3
00171 - STUTTGART 1,001STUTTGART 1
00181 - STUTTGART 2,001STUTTGART 2
00191 - STUTTGART 3,001STUTTGART 3
00301 - CROSSETT WARD 1,003CROSSETT WARD 1
00302 - CROSSETT WARD 2,003CROSSETT WARD 2
00303 - CROSSETT WARD 3,003CROSSETT WARD 3
00304 - NORTH CROSSETT EAST,003NORTH CROSSETT EAST
00305 - NORTH CROSSETT WEST,003NORTH CROSSETT WEST
00306 - WEST CROSSETT RURAL,003WEST CROSSETT RURAL
00307 - VO - TECH,003VO - TECH
00308 - COOTER,003COOTER
00309 - HICKORY GROVE,003HICKORY GROVE
00310 - CROSS ROADS,003CROSS ROADS
00311 - HAMBURG WARD 3,003HAMBURG WARD 3
00312 - HAMBURG WARD 2,003HAMBURG WARD 2
00313 - HAMBURG WARD 1,003HAMBURG WARD 1
00314 - HAMBURG RURAL,003HAMBURG RURAL/BEECH CREEK/MIST
00315 - MT. ZION,003MT. ZION
00316 - MILO,003MILO
00319 - FOUNTAIN HILL CITY,003FOUNTAIN HILL CITY
00320 - FOUNTAIN HILL RURAL,003FOUNTAIN HILL RURAL
00321 - PORTLAND CITY,003PORTLAND CITY
00322 - PORTLAND RURAL,003PORTLAND RURAL
00325 - MONTROSE CITY,003MONTROSE CITY
00326 - MONTROSE RURAL,003MONTROSE RURAL/BOYDELL/SNYDER-TRAFALGAR
00327 - PARKDALE CITY,003PARKDALE CITY
00328 - PARKDALE RURAL,003PARKDALE RURAL
00329 - WILMOT CITY,003WILMOT CITY
00330 - WILMOT RURAL,003WILMOT RURAL
007PRECINCT 01,0071
007PRECINCT 02,0072
007PRECINCT 03,0073
007PRECINCT 04,0074
007PRECINCT 05,0075
007PRECINCT 06,0076
007PRECINCT 07,0077
007PRECINCT 08,0078
007PRECINCT 09,0079
007PRECINCT 10,00710
007PRECINCT 11,00711
007PRECINCT 12,00712
007PRECINCT 13,00713
007PRECINCT 14,00714
007PRECINCT 15,00715
007PRECINCT 16,00716
007PRECINCT 17,00717
007PRECINCT 18,00718
007PRECINCT 19,00719
007PRECINCT 20,00720
007PRECINCT 21,00721
007PRECINCT 22,00722
007PRECINCT 23,00723
007PRECINCT 24,00724
007PRECINCT 25,00725
007PRECINCT 26,00726
007PRECINCT 27,00727
007PRECINCT 28,00728
007PRECINCT 29,00729
007PRECINCT 30,00730
007PRECINCT 31,00731
007PRECINCT 32,00732
007PRECINCT 33,00733
007PRECINCT 34,00734
007PRECINCT 35,00735
007PRECINCT 36,00736
007PRECINCT 37,00737
007PRECINCT 38,00738
007PRECINCT 39,00739
007PRECINCT 40,00740
007PRECINCT 41,00741
007PRECINCT 42,00742
007PRECINCT 43,00743
007PRECINCT 44,00744
007PRECINCT 45,00745
007PRECINCT 46,00746
007PRECINCT 47,00747
007PRECINCT 48,00748
007PRECINCT 49,00749
007PRECINCT 50,00750
007PRECINCT 51,00751
007PRECINCT 52,00752
007PRECINCT 53,00753
007PRECINCT 54,00754
007PRECINCT 55,00755
007PRECINCT 56,00756
007PRECINCT 57,00757
007PRECINCT 58,00758
007PRECINCT 59,00759
007PRECINCT 60,00760
007PRECINCT 61,00761
007PRECINCT 62,00762
007PRECINCT 63,00763
007PRECINCT 64,00764
007PRECINCT 65,00765
007PRECINCT 66,00766
007PRECINCT 67,00767
007PRECINCT 68,00768
007PRECINCT 69,00769
007PRECINCT 70,00770
007PRECINCT 71,00771
007PRECINCT 72,00772
007PRECINCT 73,00773
007PRECINCT 74,00774
007PRECINCT 75,00775
007PRECINCT 76,00776
007PRECINCT 77,00777
007PRECINCT 78,00778
007PRECINCT 79,00779
007PRECINCT 80,00780
007PRECINCT 81,00781
007PRECINCT 82,00782
007PRECINCT 83,00783
007PRECINCT 84,00784
007PRECINCT 85,00785
007PRECINCT 86,00786
007PRECINCT 87,00787
007PRECINCT 88,00788
007PRECINCT 89,00789
007PRECINCT 90,00790
007PRECINCT 91,00791
007PRECINCT 92,00792
007PRECINCT 93,00793
007PRECINCT 94,00794
01101 - WARREN WARD 1,011WARREN WARD 1
01102 - WARREN WARD 2,011WARREN WARD 2
01103 - WARREN WARD 3,011WARREN WARD 3
01104 - NORTH,011NORTH
01105 - SOUTH,011SOUTH
01106 - BANKS CITY,011BANKS CITY
01107 - BANKS RURAL,011BANKS RURAL
01108 - SPRINGHILL,011SPRINGHILL
01109 - HERMITAGE CITY,011HERMITAGE CITY
01110 - HERMITAGE RURAL,011HERMITAGE RURAL
01111 - EAGLE LAKE,011EAGLE LAKE
01112 - JERSEY,011JERSEY
01113 - JOHNSVILLE,011JOHNSVILLE
01114 - MARION,011MARION
015CARROLLTON,015CARROLTON
017104 - CARLTON RURAL,017CARLTON RURAL
017201 - PLANTERS 1,017PLANTERS 1
017202 - PLANTERS 2,017PLANTERS 2
017203 - PLANTERS 3,017PLANTERS 3
017204 - PLANTERS 4,017PLANTERS 4
017205 - PLANTERS RURAL,017PLANTERS RURAL
017301 - BOWIE 1,017BOWIE WARD 1
017302 - BOWIE 2,017BOWIE WARD 2
017303 - BOWIE 3,017BOWIE WARD 3
017304 - BOWIE RURAL,017BOWIE RURAL
019AMITY CITY,019AMITY
019ARKADELPHIA WARD 1,019ARKADELPHIA JP1
019ARKADELPHIA WARD 2,019ARKADELPHIA JP2
019ARKADELPHIA WARD 3,019ARKADELPHIA JP3
019ARKADELPHIA WARD 4,019ARKADELPHIA JP4
019ARKADELPHIA WARD 5,019ARKADELPHIA JP5
019CENTRAL 1,019CENTRAL
019CURTIS 1,019CURTIS
019EAST COUNTY 1,019EAST COUNTY
019GURDON GEN 1,019GURDON CENTRAL
019NORTH EAST COUNTY,019NORTHEAST COUNTY
02302 - NORTH CADRON INSIDE,023NORTH CADRON INSIDE
02303 - NORTH CADRON OUTSIDE,023NORTH CADRON OUTSIDE
02304 - SOUTH CADRON INSIDE,023SOUTH CADRON INSIDE
02305 - SOUTH CADRON OUTSIDE,023SOUTH CADRON OUTSIDE
02306 - CALIFORNIA,023CALIFORNIA
02307 - CENTER POST,023CENTER POST
02308 - CLAYTON,023CLAYTON
02309 - FRANCIS,023FRANCIS
02310 - GRASSEY INSIDE,023GRASSEY INSIDE
02311 - GRASSEY OUTSIDE,023GRASSEY OUTSIDE
02312 - GREERS FERRY GILES,023GREERS FERRY GILES
02313 - GILES,023GILES
02314 - HEALING SPRINGS,023HEALING SPRINGS
02315 - HEBER SPRINGS WARD 1,023HEBER WARD 1
02316 - HEBER SPRINGS WARD 2,023HEBER WARD 2
02317 - HEBER SPRINGS WARD 3,023HEBER WARD 3
02318 - HEBER SPRINGS WARD 4,023HEBER WARD 4
02319 - HEBER SPRINGS OUTSIDE,023HEBER SPRINGS OUT
02320 - MCJESTER,023MCJESTER
02321 - MORGAN OUTSIDE,023MORGAN OUTSIDE
02322 - MOUNTAIN,023MOUNTAIN
02323 - EAST PETER CREEK,023EAST PETER CREEK
02324 - WEST PETER CREEK,023WEST PETER CREEK
02325 - PICKENS,023PICKENS
02326 - PINE,023PINE
02327 - PINEY,023PINEY
02328 - POFF,023POFF
02329 - SALINE INSIDE,023SALINE INSIDE
02330 - SALINE OUTSIDE,023SALINE OUTSIDE
02331 - SUGAR CAMP,023SUGAR CAMP
02332 - SUGAR LOAF,023SUGAR LOAF
02333 - VALLEY,023VALLEY
02334 - WILBURN,023WILBURN
02335 - MORGAN INSIDE,023MORGAN INSIDE
02501A - RISON INSIDE,025RISON INSIDE
02501B - RISON OUTSIDE,025RISON OUTSIDE
02502A - KINGSLAND INSIDE,025KINGSLAND INSIDE
02502B - KINGSLAND OUT,025KINGSLAND OUT
02503 - BOWMAN,025BOWMAN
02504 - HARPER,025HARPER
02505 - HUDGIN,025HUDGIN
02506 - HURRICANE,025HURRICANE
02507 - LEE,025LEE
02508 - MILLER,025MILLER
02509 - NIVEN,025NIVEN
02510 - REDLAND,025REDLAND
02511 - ROWELL,025ROWELL
02512 - SALINE,025SALINE
02514 - SMITH,025SMITH
02515 - WHITEOAK,025WHITEOAK
02516 - WHITEVILLE,025WHITEVILLE
027MAG WARD 1,027MAGNOLIA WARD 1
027MAG WARD 2,027MAGNOLIA WARD 2
027MAG WARD 3,027MAGNOLIA WARD 3
027MAG WARD 4,027MAGNOLIA WARD 4
027WALDO CITY,"027WALDO WARD 1, 2, 3"
027WALDO TOWNSHIP,027WALDO TWP
029001 - AUSTIN,029AUSTIN
029002 - BENTLEY CITY,"029BENTLEY WARDS 1, 2"
029003 - WELBOURNE WEST,029WELBOURNE WEST
029004 - ST VINCENT,029ST. VINCENT
029005 - STEELE,029STEELE
029006-MENIFEE CITY,029MENIFEE CITY
029007 - HOWARD CITY,029HOWARD CITY
029008 - HIGGINS,029HIGGINS
029009 - CEDAR FALLS,029CEDAR FALLS
029010 - GREGORY,029GREGORY
029011 - GRIFFIN,029GRIFFIN
029012 - LICK MOUNTAIN,029LICK MOUNTAIN
029013 - WASHINGTON EAST,029WASHINGTON EAST
029014 - MCCLAREN,029MCCLAREN
029015 - HOWARD RURAL,029HOWARD RURAL
029016 - WHITE EAGLE,029WHITE EAGLE
029017 - MORRILTON WARD 3,029MORRILTON WARD 3
029018 - MORRILTON WARD 4,029MORRILTON WARD 4
029019 - MARTIN,029MARTIN
029020 - MORRILTON WARD 2,029MORRILTON WARD 2
029021 - UNION,029UNION
029022 - BENTLEY RURAL,029BENTLEY RURAL
029023 - WASHINGTON WEST,029WASHINGTON WEST
029024 - BIRD,029BIRD
029025 - CATHOLIC POINT,029CATHOLIC POINT
029026 - PETIT JEAN,029PETIT JEAN
029027 - NICHOLS,029NICHOLS
029028 - OLD HICKORY,029OLD HICKORY
029029 - MORRILTON WARD 1,029MORRILTON WARD 1
029030 - WELBOURNE EAST,029WELBOURNE EAST
029031 - MENIFEE RURAL,029MENIFEE RURAL
0311,03101
0312,03102
0313,03103
0314,03104
0315,03105
0316,03106
0317,03107
0318,03108
0319,03109
039101 - DISTRICT 1,039DISTRICT 1 (101)
039201 - DISTRICT 2,039DISTRICT 2 (201)
039301 - DISTRICT 3,039DISTRICT 3 (301)
039401 - DISTRICT 4,039DISTRICT 4 (401)
04101 - BOWIE W1,041BOWIE 1
04102 - BOWIE W2,041BOWIE 2
04103 - BOWIE W3,041BOWIE 3
04104 - BOWIE RURAL,041BOWIE RURAL
04105 - CLAYTON MCARTHUR,041CLAYTON MCARTHUR
04106 - CLAYTON REED,041CLAYTON REED
04107 - CLAYTON TILLAR,041CLAYTON TILLAR
04108 - FRANKLIN,041FRANKLIN
04109 - HALLEY,041HALLEY
04110 - JEFFERSON,041JEFFERSON
04111 - MISSISSIPPI,041MISSISSIPPI
04112 - MITCHEVILLE,041MITCHELLVILLE
04113 - RAND W1,041RANDOLPH 1
04114 - RAND W2,041RANDOLPH 2
04115 - RAND W3,041RANDOLPH 3
04116 - RAND W4,041RANDOLPH 4
04117 - RAND RURAL,041RANDOLPH RURAL
04118 - REDFORK,041RED FORK
04119 - RICHLAND,041RICHLAND
04120 - SILVER LAKE,041SILVER LAKE
04121 - WALNUT LAKE,041WALNUT LAKE
04301 - WARD 1,043MONTICELLO WARD 1
04302 - WARD 2,043MONTICELLO WARD 2
04303 - WARD 3,043MONTICELLO WARD 3
04304 - WARD 4,043MONTICELLO WARD 4
04305 - COLLINS,043COLLINS
04306 - ENON,043ENON
04307 - JEROME,043JEROME
04308 - LACEY,043LACEY
04309 - MAR N BOX 1,043MARION NORTH BOX 1
04310 - MAR N BOX 2,043MARION NORTH BOX 2
04311 - MARION SOUTH,043MARION SOUTH
04312 - OZMENT,043OZMENT
04313 - PLANTERSVILLE,043PLANTERSVILLE
04314 - SELMA,043SELMA
04315 - TILLAR,043TILLAR
04316 - WILMAR,043WILMAR
04317 - WINCHESTER,043WINCHESTER
0451C-NORTH CONWAY CITY 41,045CONWAY 1-C-NORTH
0451C-SOUTH CONWAY CITY 42,045CONWAY 1-C-SOUTH
0451E-EAST CONWAY CITY 43,045CONWAY 1E-EAST
0451E-WEST CONWAY CITY 44,045CONWAY 1E-WEST
0452A CONWAY CITY 07,045CONWAY 2A
0452B CONWAY CITY 06,045CONWAY 2B
0452C CONWAY CITY 49,045CONWAY 2C
0453A CONWAY CITY 10,045CONWAY 3A
0453B CONWAY CITY 08,045CONWAY 3B
0453C-EAST CONWAY CITY 09,045CONWAY 3C-EAST
0453C-WEST CONWAY CITY 46,045CONWAY 3C-WEST
0453D CONWAY CITY 50,045CONWAY 3D
0453E CONWAY CITY 45,045CONWAY 3E
0453F CONWAY CITY 53,045CONWAY 3F
0453G CONWAY CITY 54,045CONWAY 3G
0454A CONWAY CITY 01,045CONWAY 4A
0454B CONWAY CITY 02,045CONWAY 4B
0454C CONWAY CITY 11,045CONWAY 4C
0454D CONWAY CITY 04,045CONWAY 4D
0454E CONWAY CITY 03,045CONWAY 4E
0454F CONWAY CITY 05,045CONWAY 4F
045BENEDICT 15,045BENEDICT
045BENTON 16,045BENTON
045BRISTOL 17,045BRISTOL
045CALIFORNIA 18,045CALIFORNIA
045CLIFTON 19,045CLIFTON
045CYPRESS RURAL 22,045CYPRESS
045DANLEY CITY (MAYFLOWER) 24,045DANLEY CITY
045DANLEY RURAL 23,045DANLEY RURAL
045E CADRON A 12,045EAST CADRON A
045E CADRON B 13,045EAST CADRON B
045E CADRON C 48,045EAST CADRON C
045EAGLE 25,045EAGLE
045EAST FORK 26,045EAST FORK
045ENOLA 27,045ENOLA
045HARDIN CITY EAST (GB) 29,045HARDIN CITY - EAST
045HARDIN CITY WEST (GB) 55,045HARDIN CITY- WEST
045HARDIN RURAL 28,045HARDIN RURAL
045HARVE 30,045HARVE
045MATTHEWS 31,045MATTHEWS
045MOUNT VERNON 33,045MT VERNON
045MOUNTAIN 32,045MOUNTAIN
045NEWTON 34,045NEWTON
045PALARM 39,045PALARM
045PINE MT 36,045PINE MOUNTAIN
045UNION 37,045UNION
045VILONIA CITY 21,045VILONIA
045WALKER 38,045WALKER
045WEST CADRON 14,045WEST CADRON
045WILSON 35,045WILSON
0471-A (OZ WD 1),0471-A
0471-B (OZ WD 3),0471-B
0471-C (OZ WD 2),0471-C
0472-A (OZ WD 2),0472-A
0472-B (OZ RURAL),0472-B
0472-C (LONELM/CRAVENS),0472-C
0472-D (WALLACE/IVY),0472-D
0472-E (OZ WD 3),0472-E
0473-A (LONELM/CRAVENS),0473-A
0473-B (FERN),0473-B
0473-C (BOSTON),0473-C
0473-D (JETHRO),0473-D
0473-E (WATALULA),0473-E
0473-F (MOUNTAIN),0473-F
0474-A (PHILPOT),0474-A
0474-B (WATALULA),0474-B
0474-C (WV RURAL),0474-C
0474-D (OZ RURAL),0474-D
0475-A (WALLACE/IVY),0475-A
0475-B (OZ RURAL),0475-B
0475-C (WEBB CITY),0475-C
0476-A (ALTUS RURAL),0476-A
0476-B (ALTUS CITY),0476-B
0476-C (DENNING),0476-C
0476-D (WEIDERKEHR VILLAGE),0476-D
0477-A (CECIL),0477-A
0477-B (WEBB CITY),0477-B
0477-C (ETNA),0477-C
0477-D (DONALD RURAL),0477-D
0478-A (BRANCH CITY),0478-A
0478-B (CHARLESTON WD 1),0478-B
0478-C (CHARLESTON RURAL),0478-C
0478-D (VESTA),0478-D
0478-E (DONALD RURAL),0478-E
0478-F (CECIL),0478-F
0478-G (DONALD RURAL),0478-G
0479-A (CHARLESTON WD 2),0479-A
0479-B (CHARLESTON WD 3),0479-B
0479-C (CHARLESTON RURAL),0479-C
049BENTON - UNION,049BENTON / UNION
049FULTON - MT. CALM,049FULTON / MT CALM
049MS - AFTON,049AFTON
049SOUTHFORK - WILSON,049SOUTHFORK / WILSON
049VIDETTE - BIG CREEK,049VIDETTE / BIG CREEK
051011,05111
051012,05112
051013,05113
051014,05114
051021,05121
051022,05122
051023,05123
051024,05124
051031,05131
051032,05132
051033,05133
051034,05134
051041,05141
051042,05142
051043,05143
051044,05144
051051,05151
051052,05152
051053,05153
051054,05154
051061,05161
051062,05162
051063,05163
051064,05164
051065,05165
051071,05171
051072,05172
051073,05173
051074,05174
051081,05181
051082,05182
051083,05183
051084,05184
051091,05191
051092,05192
051093,05193
051094,05194
051095,05195
05301 - CALVERT,053CALVERT
05302 - DAVIS,053DAVIS
05303 - DEKALB 1,053DEKALB 1
05304 - DEKALB 2,053DEKALB TULL 2
05305 - DARYSAW,053DARYSAW
05308 - FENTER,053FENTER
05309 - FRANKLIN,053FRANKLIN
05310 - MADISON,053MADISON
05311 - MERRY GREEN 1,053MERRY GREEN 1
05312 - MERRY GREEN 2,053MERRY GREEN 2
05313 - RIVER,053RIVER
05314 - SIMPSON 1,053SIMPSON
05315 - SIMPSON 2,053SIMPSON 2
05317 - TENNESSEE,053TENNESSEE
05319 - WASHINGTON,053WASHINGTON
05320 - WARD 1,053SHERIDAN WARD 1
05321 - WARD 2,053SHERIDAN WARD 2
05322 - WARD 3,053SHERIDAN WARD 3
05501 - WARD 1,055WARD 1
05501 - WARD 1A,055WARD 1A
05502 - WARD 2,055WARD 2
05502 - WARD 2A,055WARD 2A
05503 - WARD 3,055WARD 3
05503 - WARD 3A,055WARD 3A
05504 - WARD 4,055WARD 4
05504 - WARD 4A,055WARD 4A
05504 - WARD 4B,055WARD 4B
05504 - WARD 4C,055WARD 4C
05505 - BLUE CANE,055BLUE CANE
05506 - HOPEWELL,055HOPEWELL
05507 - HURRICANE,055HURRICANE
05508 - REYNOLDS,055REYNOLDS
05509 - BRECKENRIDGE,055BRECKENRIDGE
05510 - BRYAN,055BRYAN
05511 - WALNUT CORNER,055WALNUT CORNER
05512 - CACHE,055CACHE
05513 - CLARK,055CLARK
05514 - COLLIER,055COLLIER
05515 - ST. FRANCIS,055ST. FRANCIS
05516 - CROWLEY,055CROWLEY
05517 - EVENING SHADE,055EVENING SHADE
05518 - SUGAR CREEK,055SUGAR CREEK
05519 - FRIENDSHIP,055FRIENDSHIP
05520 - HAYS,055HAYS
05521 - MAINSHORE,055MAINSHORE
05522 - JONES,055JONES
05523 - LAKE,055LAKE
05524 - POLAND,055POLAND
05525 - SALEM,055SALEM
05526 - SPRING GROVE,055SPRING GROVE
05527 - UNION,055UNION
05528 - SHADY GROVE,055SHADY GROVE
05529 - DELAPLAINE - JONES,055DELAPLAINE - JONES
05530 - LAFE - BRECKENRIDGE,055LAFE/BRECKENRIDGE
05531 - MARMADUKE - HURRICANE,055MARMADUKE/HURRICANE
05532 - OAK GROVE - UNION,055OAK GROVE/UNION
05701 HOPE 1,057HOPE 1
05702 HOPE 2,057HOPE 2
05703 HOPE 3,057HOPE 3
05704 HOPE 4,057HOPE 4
05705 HOPE 5,057HOPE 5
05706 HOPE 6,057HOPE 6
05707 HOPE 7,057HOPE 7
05708 BINGEN,057BINGEN
05709 BLEVINS,057BLEVINS
05710 COLUMBUS,057COLUMBUS
05711 CROSS ROADS,057CROSSROADS
05712 DEANN,057DEANN
05713 FULTON,057FULTON
05714 GUERNSEY,057GUERNSEY
05715 MCCASKILL,057MCCASKILL
05716 MCNAB,057MCNAB
05717 OZAN,057OZAN
05718 PATMOS,057PATMOS
05719 PERRYTOWN,057PERRYTOWN
05720 ROCKY MOUND,057ROCKY MOUND
05721 SARATOGA,057SARATOGA
05722 SHOVER SPRINGS,057SHOVER SPRINGS
05723 SPRING HILL,057SPRINGHILL
05724 WASHINGTON,057WASHINGTON
059CENTRAL,059CENTRAL (MIDWAY)
059GLEN ROSE,059GLEN ROSE (SALINE)
059MALVERN W-2,059MALVERN WARD 2
059MALVERN W-3,059MALVERN WARD 3
059MALVERN W-4,059MALVERN WARD 4
06118 - CENTER POINT 2,06117 - CENTER POINT 2
063MOOREFIELD,063MOOREFIELD TWP
06711 - CROSSROADS -37,067CROSSROADS
06714 - DIAZ,067DIAZ
06717 - GRUBBS,067GRUBBS
06722 - JACKSONPORT,067JACKSONPORT
0690001,0691
0690002,0692
0690003,0693
0690004,0694
0690005,0695
0690007,0697
0690008,0698
0690009,0699
0690010,06910
0690011,06911
0690026,06926
0690027,06927
0690028,06928
0690029,06929
0690030,06930
0690031,06931
0690032,06932
0690033,06933
0690034,06935
0690036,06936
0690045,06945
0690050,06950
0690051,06951
0690053,06953
0690054,06954
0690055,06955
0690056,06956
0690057,06957
0690058,06958
0690059,06959
0690060,06960
0690061,06961
0690062,06962
0690064,06964
0690066,06966
0690067,06967
0690073,06973
0690074,06974
0690075,06975
0690076,06976
0690077,06977
0690078,06978
0690079,06979
0690080,06980
0690081,06981
0690083,06983
0690084,06984
0690085,06985
0690086,06986
0690087,06987
0690089,06989
0690090,06990
0690092,06992
0690093,06993
0690094,06994
0690101,069101
0690104,069104
0690105,069105
0690107,069107
0690108,069108
0690110,069110
0690111,069111
0690112,069112
0690113,069113
0690114,069114
0690115,069115
0690116,069116
0690117,069117
0690119,069119
0690120,069120
0690121,069121
0690122,069122
0690123,069123
0690124,069124
0690125,069125
0690126,069126
0690128,069128
0690130,069130
0690201,069201
0690202,069202
0690203,069203
0690204,069204
0690205,069205
0690206,069206
0690207,069207
0690208,069208
0690209,069209
0690210,069210
0690211,069211
0690212,069212
0690213,069213
0690214,069214
0690215,069215
0690216,069216
0690217,069217
0690218,069218
0690219,069219
0690220,069220
0690221,069221
0690222,069222
0690223,069223
0690224,069224
0690301,069301
0690302,069302
0690303,069303
0690304,069304
0690306,069306
0690307,069307
0690308,069308
0690309,069309
0690310,069310
0690311,069311
0690312,069312
0690314,069314
0690315,069315
0690316,069316
0690317,069317
0690318,069318
0690319,069319
0690320,069320
0690322,069322
0690323,069323
0690324,069324
0690325,069325
0690326,069326
0690327,069327
0690328,069328
0690330,069330
0690331,069331
0690332,069332
0690403,069403
0690404,069404
0690405,069405
0690406,069406
0690407,069407
0690408,069408
0690409,069409
0690410,069410
0690412,069412
0690414,069414
0690415,069415
0690416,069416
0690417,069417
0690419,069419
0690420,069420
0690421,069421
0690422,069422
0690423,069423
0690425,069425
0690510,069510
0690530,069530
0690900,069900
0690950,069950
073005 - LEWISVILLE WARD 1,073LEWISVILLE WARD 1
073010 - LEWISVILLE WARD 2,073LEWISVILLE WARD 2
073015 - LEWISVILLE WARD 3,073LEWISVILLE WARD 3
"073020 - STAMPS WARD 1, PREC 1",073STAMPS WARD 1
"073025 - STAMPS WARD 1, PREC 2",073STAMPS WARD 1 PCT 2
073030 - STAMPS WARD 2,073STAMPS WARD 2
073035 - STAMPS WARD 3,073STAMPS WARD 3
073040 - BOYD HILL,073BOYD HILL
073045 - BRADLEY CITY,073BRADLEY CITY
073050 - BUCKNER CITY,073BUCKNER CITY
073055 - CANFIELD,073CANFIELD
073060 - CENTER,073CENTER
073065 - GIN CITY,073GIN CITY
073070 - MARS HILL,073MARS HILL
073075 - OAK GROVE,073OAK GROVE
073080 - PINEY GROVE,073PINEY GROVE
073085 - RED RIVER,073RED RIVER
073090 - SARDIS,073SARDIS
073095 - STATE LINE,073STATE LINE
073100 - WALKER CREEK,073WALKER CREEK
073105 - LEWISVILLE OUT,073LEWISVILLE WARD 1 OUTSIDE CITY
073110 - STAMPS W1 P2 OUT,073STAMPS WARD 1 PCT 2 OUTSIDE CITY
073120 - BUCKNER OUT,073BUCKNER OUT
073125 - BRADLEY OUT,073BRADLEY OUT
07501 - ANNIEVILLE,075ANNIEVILLE
07502 - ASHLAND,075ASHLAND
07503 - BLACK RIVER,075BLACK RIVER
07504 - BLACK ROCK,075BLACK ROCK
07505 - BOAS #1,075BOAS 1
07506 - BOAS #2,075BOAS 2
07507 - BOAS #3,075BOAS 3
07508 - CACHE,075CACHE
07509 - CAMPBELL #1,075CAMPBELL 1
07510 - CAMPBELL #2,075CAMPBELL 2
07511 - CAMPBELL #3,075CAMPBELL 3
07512 - CAMPBELL #4,075CAMPBELL 4
07513 - DENT,075DENT
07514 - DOWELL,075DOWELL
07515 - DUTY,075DUTY
07516 - EATON,075EATON
07517 - FLAT CREEK,075FLAT CREEK
07518 - JESUP,075JESUP
07519 - LAWRENCE,075LAWRENCE
07520 - MARION,075MARION
07521 - MORGAN,075MORGAN
07522 - PROMISED LAND,075PROMISED LAND
07523 - REEDS CREEK SAFFELL,075REEDS CREEK SAFFELL
07524 - REEDS CREEK STRAWBERRY,075REEDS CREEK STRAWBERRY
07525 - RICHWOODS,075RICHWOODS
07526 - SPRING RIVER,075SPRING RIVER
07527 - STRAWBERRY,075STRAWBERRY
07528 - THACKER,075THACKER
077PRECINCT 1,0771
077PRECINCT 2,0772
077PRECINCT 3,0773
077PRECINCT 4,0774
077PRECINCT 5,0775
077PRECINCT 6,0776
077PRECINCT 7,0777
077PRECINCT 8,0778
077PRECINCT 9,0779
079001 - AUBURN,079AUBURN
079002 - TARRY,079TARRY
079003 - YORKTOWN,079YORKTOWN
079004 - CANE CREEK 1,079CANE CREEK 1
079005 - CANE CREEK 2,079CANE CREEK 2
079006 - CHOCTAW,079CHOCTAW
079007 - KIMBROUGH,079KIMBROUGH
079008 - LONE PINE / GARNETT,079LONE PINE GARNETT
079009 - LONE PINE / MT HOME,079LONE PINE MT HOME
079010 - MILL CREEK,079MILL CREEK
079011 - OWEN / GLENDALE,079OWEN GLENDALE
079012 - OWEN / PALMYRA,079OWEN PALMYRA
079013 - SMITH,079SMITH
079014 - SPRING 1,079SPRING 1
079015 - SPRING 2,079SPRING 2
079016 -SE LINCOLN CO FD,079SE LINCOLN COUNTY FD
079017 -WELLS BAYOU,079WELLS BAYOU FIRE STATION
079018 - GOULD,079GOULD
079019 -GOULD CITY W1,079GOULD WARD 1
079020 - GOULD CITY W2,079GOULD WARD 2
079021 - GOULD CITY W3,079GOULD WARD 3
079022 - GRADY CITY W1 & W2,079GRADY WARD 1 & 2
079023 - STAR CITY W1,079STAR CITY WARD 1
079024 - STAR CITY W2,079STAR CITY WARD 2
079025 - STAR CITY W3,079STAR CITY WARD 3
079026 - CANE CREEK 3,079CANE CREEK 3
081ARDEN TOWNSHIP,081ARDEN
081ARKINDA TOWNSHIP,081ARKINDA
081BURKE TOWNSHIP,081BURKE
081CANEY TOWNSHIP,081CANEY
081CLEVELAND TOWNSHIP,081CLEVELAND
081FOREMAN WARD 1,081FOREMAN CITY 1
081FOREMAN WARD 2,081FOREMAN CITY 2
081FOREMAN WARD 3,081FOREMAN CITY 3
081FRANKLIN TOWNSHIP,081FRANKLIN
081JACKSON TOWNSHIP,081JACKSON
081JEFFERSON TOWNSHIP,081JEFFERSON
081JEWELL TOWNSHIP,081JEWELL
081JOHNSON TOWNSHIP,081JOHNSON
081LICK CREEK TOWNSHIP,081LICK CREEK
081LITTLE RIVER TOWNSHIP,081LITTLE RIVER
081RED RIVER TOWNSHIP,081RED RIVER
081WALLACE / RICHLAND,081WALLACE/RICHLAND
083100 - CANE CREEK,083CANE CREEK
083101 - CLARK CROSSROADS,083CLARK CROSSROADS
083102 - CLARK CITY,083CLARK CITY
083103 - CLARK RURAL,083CLARK RURAL
083104 - DELAWARE,083DELAWARE
083105 - DRIGGS,083DRIGGS
083106 - ELLSWORTH,083ELLSWORTH
083107 - JOHNSON,083JOHNSON
083108 - LOGAN,083LOGAN
083109 - MOUNTAIN,083MOUNTAIN
083110 - RIVER CITY,083RIVER CITY
083111 - RIVER RURAL,083RIVER RURAL
083113 - SHOAL CREEK,083SHOAL CREEK
083114 - SHT MTN WD 1,083SHORT MOUNTAIN WARD 1
083115 - SHT MTN WD 2,083SHORT MOUNTAIN WARD 2
083116 - SHT MTN WD 3,083SHORT MOUNTAIN WARD 3
083117 - SHT MTN WD 4,083SHORT MOUNTAIN WARD 4
083118 - CAULKSVILLE CITY,083CAULKSVILLE CITY
083119 - CAULKSVILLE RURAL,083CAULKSVILLE RURAL
083120 - RATCLIFF CITY,083RATCLIFF CITY
083121 - RATCLIFF RURAL,083RATCLIFF RURAL
083122 - MORRISON BLUFF,083MORRISON BLUFF
083132 - BLUE MOUNTAIN CITY,083BLUE MOUNTAIN CITY
083133 - BLUE MOUNTAIN RURAL,083BLUE MOUNTAIN RURAL
083134 - BOONE WD 1,083BOONE WARD 1
083135 - BOONE WD 2,083BOONE WARD 2
083136 - BOONE WD 3,083BOONE WARD 3
083137 - BOONE WD 4,083BOONE WARD 4
083138 - CAUTHRON,083CAUTHRON
083139 - PETIT JEAN,083PETIT JEAN
083140 - REVEILLE CITY,083REVEILLE CITY
083141 - REVEILLE RURAL,083REVEILLE RURAL
083144 - SUGAR CREEK,083SUGAR CREEK
083145 - WASHBURN,083WASHBURN
083146 - BARBER,083BARBER
083147 - TOMLINSON,083TOMLINSON
08501 - ALLPORT CITY,085ALLPORT CITY
08502 - CAROLINE TWP,085CAROLINE
08503 - AUSTIN CITY,085AUSTIN CITY
08504 - BUTLER TWP,085BUTLER
08505 - CABOT CITY WARD 1,085CABOT WARD 1
08506 - CABOT CITY WARD 2,085CABOT WARD 2
08507 - CABOT CITY WARD 3,085CABOT WARD 3
08508 - CABOT CITY WARD 4,085CABOT WARD 4
08509 - YORK TWP,085YORK
08510 - CARLISLE CITY WARD 1,085CARLISLE WARD 1
08511 - CARLISLE CITY WARD 2,085CARLISLE WARD 2
08512 - CARLISLE CITY WARD 3,085CARLISLE WARD 3
08513 - CARLISLE TWP,085CARLISLE RURAL
08514 - CLEVELAND TWP,085CLEVELAND
08515 - DORTCH TWP,085DORTCH
08516 - EAGLE TWP,085EAGLE
08517 - ENGLAND CITY WARD 1,085ENGLAND WARD 1
08518 - ENGLAND CITY WARD 2,085ENGLAND WARD 2
08519 - ENGLAND CITY WARD 3,085ENGLAND WARD 3
08520 - ENGLAND CITY WARD 4,085ENGLAND WARD 4
08521 - FLETCHER TWP,085FLETCHER
08522 - FURLOW TWP,085FURLOW
08523 - GOODRUM TWP,085GOODRUM
08524 - GRAY TWP,085GRAY
08525 - GUMWOOD TWP,085GUM WOODS
08526 - HAMILTON TWP,085HAMILTON
08527 - CROOKED CREEK TWP,085CROOKED CREEK
08528 - HUMNOKE CITY,085HUMNOKE CITY
08529 - INDIAN BAYOU TWP,085INDIAN BAYOU
08530 - COY CITY,085COY CITY
08531 - ISBELL TWP,085ISBELL
08532 - LAFAYETTE TWP,085LAFAYETTE
08533 - KEO CITY,085KEO CITY
08534 - LONOKE CITY WARD 1,085LONOKE WARD 1
08535 - LONOKE CITY WARD 2,085LONOKE WARD 2
08536 - LONOKE CITY WARD 3,085LONOKE WARD 3
08537 - LONOKE CITY WARD 4,085LONOKE WARD 4
08538 - LONOKE TWP,085LONOKE RURAL
08539 - MAGNESS TWP,085MAGNESS
08540 - OAK GROVE TWP,085OAK GROVE
08541 - PETTUS TWP,085PETTUS
08542 - PRAIRIE TWP,085PRAIRIE
08543 - PULASKI TWP,085PULASKI
08544 - RICHWOOD TWP,085RICHWOODS
08545 - TOTTEN TWP,085TOTTEN
08546 - WALLS TWP,085WALLS
08547 - WARD CITY WARD 1,085WARD 1
08548 - WARD CITY WARD 2,085WARD 2
08549 - WARD CITY WARD 3,085WARD 3
08550 - WARD TWP,085WARD TWP RURAL
08551 - WILLIAMS TWP,085WILLIAMS
08553 - LONOKE CITY WARD 5,085LONOKE WARD 5
08554 - LONOKE CITY WARD 6,085LONOKE WARD 6
08555 - LONOKE CITY WARD 7,085LONOKE WARD 7
08556 - LONOKE CITY WARD 8,085LONOKE WARD 8
087HUNTSVILLE WARD 1,087WARD 1
087HUNTSVILLE WARD 2,087WARD 2
087HUNTSVILLE WARD 3,087WARD 3
087HUNTSVILLE WARD 4,087WARD 4
089PRECINCT 01,0891
089PRECINCT 02,0892
089PRECINCT 03,0893
089PRECINCT 04,0894
089PRECINCT 05,0895
089PRECINCT 06,0896
089PRECINCT 07,0897
089PRECINCT 08,0898
089PRECINCT 09,0899
089PRECINCT 10,08910
089PRECINCT 11,08911
089PRECINCT 12,08912
089PRECINCT 13,08913
089PRECINCT 14,08914
089PRECINCT 15,08915
089PRECINCT 16,08916
089PRECINCT 17,08917
089PRECINCT 18,08918
089PRECINCT 19,08919
089PRECINCT 20,08920
089PRECINCT 21,08921
089PRECINCT 22,08922
089PRECINCT 23,08923
089PRECINCT 24,08924
089PRECINCT 25,08925
089PRECINCT 26,08926
089PRECINCT 27,08927
089PRECINCT 28,08928
089PRECINCT 29,08929
089PRECINCT 30,08930
09501 - BRINKLEY WARD 1,095BRINKLEY WARD 1
09502 - BRINKLEY WARD 2,095BRINKLEY WARD 2
09503 - BRINKLEY WARD 3,095BRINKLEY WARD 3
09508 - BRINKLEY TOWNSHIP,095BRINKLEY-DIXON
09510 - CACHE,095CACHE
09511 - CLARENDON WARD 1,095CLARENDON WARD 1
09512 - CLARENDON WARD 2,095CLARENDON WARD 2
09513 - CLARENDON WARD 3,095CLARENDON WARD 3
09516 - CYPRESS RIDGE,095CYPRESS RIDGE
09518 - DUNCAN TOWNSHIP,095DUNCAN
09522 - HOLLY GROVE TOWNSHIP,095HOLLY GROVE
09525 - KEEVIL TOWNSHIP,095KEEVIL
09701 - ALAMO,097ALAMO
09702 - BLACK SPRINGS,097BLACK SPRINGS
09703 - CADDO GAP,097CADDO GAP
09704 - CANEY,097CANEY
09705 - CENTER,097CENTER
09706 - FANNIE,097FANNIE
09707 - HOPPER,097HOPPER
09708 - MOUNT IDA - IN,097MT IDA - IN
09709 - MOUNT IDA - OUT,097MT IDA OUT
09710 - NORMAN - IN,097NORMAN IN
09711 - NORMAN - OUT,097NORMAN OUT
09712 - ODEN - IN,097ODEN IN
09713 - ODEN - OUT,097ODEN OUT
09714 - PENCIL BLUFF,097PENCIL BLUFF
09715 - SIMS,097SIMS
09716 - WASHITA,097WASHITA
10501 - APLIN,105ALPIN
10502 - CASA,105CASA
10503 - CHERRY HILL,105CHERRY HILL
10504 - FOURCHE,105FOURCHE LA FAVE
10505 - HOUSTON,105HOUSTON
10506 - KENNEY,105KENNEY
10507 - LAKE,105LAKE
10508 - MAUMELLE,105MAUMELLE
10509 - NEW TENNESSEE,105NEW TENNESSEE
10510 - PERRY,105PERRY
10511 - PETIT JEAN,105PETIT JEAN
10512 - RANKIN,105RANKIN
10513 - ROSE CREEK,105ROSE CREEK
10514 - TYLER,105TYLER
10515 - UNION,105UNION
10516 - UNION VALLEY,105UNION VALLEY
10517 - WYE,105WYE
10901 - ANTOINE,109ANTOINE
10902 - DAISY,109DAISY
10903 - DELIGHT,109DELIGHT
10904 - GLENWOOD NORTH,109GLENWOOD NORTH
10905 - GLENWOOD SOUTH,109GLENWOOD SOUTH
10906 - KIRBY,109KIRBY
10907 - LANGLEY/LODI,109LANGLEY-LODI
10908 - MURFREESBORO EAST,109MURFREESBORO EAST
10909 - MURFREESBORO WEST,109MURFREESBORO WEST
10910 - NEWHOPE,109NEW HOPE
10911 - PISGAH,109PISGAH
11301- MENA,113PRECINCT 1
11302- MENA,113PRECINCT 2
11303- MENA,113PRECINCT 3
11304 - ACORN,113ACORN
11305 - INK,113INK
11306 - BOARD CAMP,113BOARD CAMP
11307 - CHERRY HILL,113CHERRY HILL
11308 - BIG FORK,113BIG FORK
11309 - DALLAS VALLEY/ SHADY,113DALLAS VALLEY
11310 - SHADY GROVE,113SHADY GROVE
11311 - ROCKY,113ROCKY
11312 - POTTER,113POTTER
11313 - HATFIELD,113HATFIELD
11314 - COVE,113COVE
11315 - VANDERVOORT,113VANDERVOORT
11316 - WICKES,113WICKES
11317 - GRANNIS,113GRANNIS
115001- APPLETON 1,115APPLETON-1
115002- APPLETON 2,115APPLETON-2
115003- ATKINS IN,115ATKINS 1
115004- ATKINS OUT 1,115ATKINS OUT #1
115005- ATKINS OUT 2,115ATKINS OUT #2
115006- ATKINS OUT 3,115ATKINS OUT #3
115007- BAYLISS,115BAYLISS
115008- BUCK MOUNTAIN,115BUCK MOUNTAIN
115009- CAGLESVILLE 1,115CAGLESVILLE-1
115010- CAGLESVILLE 2,115CAGLESVILLE-2
115011- CROW MOUNTAIN EAST 1,115CROW MOUNTAIN EAST-1
115012- CROW MOUNTAIN EAST 2,115CROW MOUNTAIN EAST-2
115013- CROW MOUNTAIN WEST 1,115CROW MOUNTAIN WEST-1
115014- CROW MOUNTAIN WEST 2,115CROW MOUNTAIN WEST-2
115015- DOVER IN,115DOVER-IN
115016- DOVER OUT,115DOVER-OUT
115017- ECONOMY,115ECONOMY
115018- FREEMAN,115FREEMAN
115019- HECTOR IN,115HECTOR-IN
115020- HECTOR OUT,115HECTOR-OUT
115021- LONDON IN,115LONDON-IN
115022- LONDON OUT,115LONDON-OUT
115023- MARTIN 1,115MARTIN-1
115024- MARTIN 2,115MARTIN-2
115025- MARTIN 3,115MARTIN-3
115026- MORELAND 1,115MORELAND-1
115027- MORELAND 2,115MORELAND-2
115028- PEA RIDGE,115PEA RIDGE
115029- POTTSVILLE IN 1,115POTTSVILLE IN #1
115030- POTTSVILLE IN 2,115POTTSVILLE IN #2
115031- POTTSVILLE OUT 1,115POTTSVILLE OUT #1
115032- POTTSVILLE OUT 2,115POTTSVILLE OUT #2
115034- RUSSELLVILLE 1-A,115RUSSELLVILLE WARD 1-A
115035- RUSSELLVILLE 1-B,115RUSSELLVILLE WARD 1-B
115036- RUSSELLVILLE 1-C,115RUSSELLVILLE WARD 1-C
115038- RUSSELLVILLE 2-A,115RUSSELLVILLE WARD 2-A
115039- RUSSELLVILLE 2-B,115RUSSELLVILLE WARD 2-B
115040- RUSSELLVILLE 2-C,115RUSSELLVILLE WARD 2-C
115041- RUSSELLVILLE 3-A,115RUSSELLVILLE WARD 3-A
115042- RUSSELLVILLE 3-B,115RUSSELLVILLE WARD 3-B
115043- RUSSELLVILLE 4-A,115RUSSELLVILLE WARD 4-A
115044- RUSSELLVILLE 4-B,115RUSSELLVILLE WARD 4-B
115045- RUSSELLVILLE 4-C,115RUSSELLVILLE WARD 4-C
115046- RUSSELLVILLE 4-D,115RUSSELLVILLE WARD 4-D
115047- RUSSELLVILLE 4-E,115RUSSELLVILLE WARD 4-E
115048- RUSSELLVILLE 4-F,115RUSSELLVILLE WARD 4-F
115049- RUSSELLVILLE 4-G,115RUSSELLVILLE WARD 4-G
115050- RUSSELLVILLE 4-H,115RUSSELLVILLE WARD 4-H
115051- RUSSELLVILLE OUT 1,115RUSSELLVILLE OUT #1
115052- RUSSELLVILLE OUT 2,115RUSSELLVILLE OUT #2
115053- RUSSELLVILLE OUT 3,115RUSSELLVILLE OUT #3
115054- RUSSELLVILLE OUT 4,115RUSSELLVILLE OUT #4
115055- SCOTTSVILLE 1,115SCOTTSVILLE-1
115056- SCOTTSVILLE 2,115SCOTTSVILLE-2
115057- NOGO,115NOGO
117DES ARC,117DES ARC TWP
117WATTENSAW CITY WARD 1,117WATTENSAW WARD 1
117WATTENSAW CITY WARD 2,117WATTENSAW WARD 2
117WATTENSAW CITY WARD 3,117WATTENSAW WARD 3
119PRECINCT 001,1191
119PRECINCT 002,1192
119PRECINCT 003,1193
119PRECINCT 004,1194
119PRECINCT 005,1195
119PRECINCT 006,1196
119PRECINCT 007,1197
119PRECINCT 008,1198
119PRECINCT 009,1199
119PRECINCT 010,11910
119PRECINCT 011,11911
119PRECINCT 012,11912
119PRECINCT 013,11913
119PRECINCT 014,11914
119PRECINCT 015,11915
119PRECINCT 016,11916
119PRECINCT 017,11917
119PRECINCT 018,11918
119PRECINCT 019,11919
119PRECINCT 020,11920
119PRECINCT 021,11921
119PRECINCT 022,11922
119PRECINCT 023,11923
119PRECINCT 024,11924
119PRECINCT 025,11925
119PRECINCT 026,11926
119PRECINCT 027,11927
119PRECINCT 028,11928
119PRECINCT 029,11929
119PRECINCT 030,11930
119PRECINCT 031,11931
119PRECINCT 032,11932
119PRECINCT 033,11933
119PRECINCT 034,11934
119PRECINCT 035,11935
119PRECINCT 036,11936
119PRECINCT 037,11937
119PRECINCT 038,11938
119PRECINCT 039,11939
119PRECINCT 040,11940
119PRECINCT 041,11941
119PRECINCT 042,11942
119PRECINCT 043,11943
119PRECINCT 044,11944
119PRECINCT 045,11945
119PRECINCT 046,11946
119PRECINCT 047,11947
119PRECINCT 048,11948
119PRECINCT 049,11949
119PRECINCT 050,11950
119PRECINCT 051,11951
119PRECINCT 052,11952
119PRECINCT 053,11953
119PRECINCT 054,11954
119PRECINCT 055,11955
119PRECINCT 056,11956
119PRECINCT 057,11957
119PRECINCT 058,11958
119PRECINCT 059,11959
119PRECINCT 060,11960
119PRECINCT 061,11961
119PRECINCT 062,11962
119PRECINCT 063,11963
119PRECINCT 064,11964
119PRECINCT 065,11965
119PRECINCT 066,11966
119PRECINCT 067,11967
119PRECINCT 068,11968
119PRECINCT 069,11969
119PRECINCT 070,11970
119PRECINCT 071,11971
119PRECINCT 072,11972
119PRECINCT 073,11973
119PRECINCT 074,11974
119PRECINCT 075,11975
119PRECINCT 076,11976
119PRECINCT 077,11977
119PRECINCT 078,11978
119PRECINCT 079,11979
119PRECINCT 080,11980
119PRECINCT 081,11981
119PRECINCT 082,11982
119PRECINCT 083,11983
119PRECINCT 084,11984
119PRECINCT 085,11985
119PRECINCT 086,11986
119PRECINCT 087,11987
119PRECINCT 088,11988
119PRECINCT 089,11989
119PRECINCT 090,11990
119PRECINCT 091,11991
119PRECINCT 092,11992
119PRECINCT 093,11993
119PRECINCT 094,11994
119PRECINCT 095,11995
119PRECINCT 096,11996
119PRECINCT 097,11997
119PRECINCT 098,11998
119PRECINCT 099,11999
119PRECINCT 100,119100
119PRECINCT 101,119101
119PRECINCT 102,119102
119PRECINCT 103,119103
119PRECINCT 104,119104
119PRECINCT 105,119105
119PRECINCT 106,119106
119PRECINCT 107,119107
119PRECINCT 108,119108
119PRECINCT 109,119109
119PRECINCT 110,119110
119PRECINCT 111,119111
119PRECINCT 112,119112
119PRECINCT 113,119113
119PRECINCT 114,119114
119PRECINCT 115,119115
119PRECINCT 116,119116
119PRECINCT 117,119117
119PRECINCT 118,119118
119PRECINCT 119,119119
119PRECINCT 120,119120
119PRECINCT 121,119121
119PRECINCT 122,119122
119PRECINCT 123,119123
119PRECINCT 124,119124
119PRECINCT 125,119125
119PRECINCT 126,119126
119PRECINCT 127,119127
119PRECINCT 128,119128
119PRECINCT 129,119129
119PRECINCT 130,119130
119PRECINCT 131,119131
119PRECINCT 132,119132
119PRECINCT 133,119133
119PRECINCT 134,119134
119PRECINCT 135,119135
119PRECINCT 136,119136
119PRECINCT 137,119137
12101 - BAKER,121BAKER
12102 - BRISTOW,121BRISTOW
12103 - BUTLER,121BUTLER
12104 - COLUMBIA,121COLUMBIA
12105 - CURRENT RIVER,121CURRENT RIVER
12106 - DALTON,121DALTON
12107 - ELEVENPOINT,121ELEVEN POINT
12108 - FOSTER,121FOSTER
12109 - INGRAM,121INGRAM
12110 - JACKSON,121JACKSON
12111 - JANES CREEK,121JANES CREEK
12112 - LITTLE BLACK,121LITTLE BLACK
12113 - OKEAN,121O'KEAN
12114 - REYNO,121REYNO
12115 - RICHARDSON,121RICHARDSON
12116 - EAST ROANOKE,121EAST ROANOKE
12117 - WEST ROANOKE,121WEST ROANOKE
12118 - RUNNING LAKE,121RUNNING LAKE
12119 - SHILOH,121SHILOH
12120 - SILOAM,121SILOAM
12121 - SPRING RIVER,121SPRING RIVER
12122 - UNION,121UNION
12123 - WARM SPRINGS,121WARM SPRINGS
12124 - WATER VALLEY,121WATER VALLEY
12125 - WILEY,121WILEY
12126 - WARD ONE,121POCAHONTAS WARD 1
12127 - WARD TWO,121POCAHONTAS WARD 2
12128 - WARD THREE,121POCAHONTAS WARD 3
12129 - DEMUN RURAL,121DEMUN RURAL
12501,1251
12502,1252
12503,1253
12504,1254
12505,1255
12506,1256
12507,1257
12508,1258
12509,1259
12701 - BLACKFORK,127BLACK FORK
12702 - BLANSETT,127BLANSETT
12703 - BRAWLEY,127BRAWLEY
12704 - CAUTHRON/OLIVER,127CAUTHRON/OLIVER
12705 - CEDAR CREEK,127CEDAR CREEK
12706 - COAL/LAFAYETTE,127COAL/LAFAYETTE
12707 - DENTON,127DENTON
12708 - HICKMAN WARD 1,127HICKMAN WARD 1
12709 - HICKMAN WARD 2,127HICKMAN WARD 2
12710 - HICKMAN WARD 3,127HICKMAN WARD 3
12711 - HICKMAN RURAL EAST,127HICKMAN RURAL EAST
12712 - HICKMAN RURAL WEST,127HICKMAN RURAL WEST
12713 - HON,127HON
12714 - HUNT,127HUNT
12715 - JAMES,127JAMES
12716 - JONES/LITTLE TEXAS,127JONES/LITTLE TEXAS
12717 - KEENER,127KEENER
12718 - LAMB,127LAMB
12719 - LAFAVE,127LAFAVE
12720 - LEWIS 1,127LEWIS 1
12721 - LEWIS 2,127LEWIS 2
12722 - MILL CREEK,127MILL CREEK
12723 - MOUNTAIN,127MOUNTAIN
12724 - MT. PLEASANT,127MOUNT PLEASANT
12725 - PARKS,127PARKS
12726 - TOMLINSON/TATE,127TOMLINSON/TATE
129BEAR CREEK #4,129BEAR CREEK 4
129BEAR CREEK #5,129BEAR CREEK 5
129BEAR CREEK #6,129BEAR CREEK 6
131PRECINCT 1-A,1311-A
131PRECINCT 1-B,1311-B
131PRECINCT 1-C,1311-C
131PRECINCT 1-D,1311-D
131PRECINCT 1-E,1311-E
131PRECINCT 1-F,1311-F
131PRECINCT 1-G,1311-G
131PRECINCT 1-H,1311-H
131PRECINCT 1-I,1311-I
131PRECINCT 1-J,1311-J
131PRECINCT 1-K,1311-K
131PRECINCT 1-L,1311-L
131PRECINCT 1-M,1311-M
131PRECINCT 2-A,1312-A
131PRECINCT 2-B,1312-B
131PRECINCT 2-C,1312-C
131PRECINCT 2-D,1312-D
131PRECINCT 2-E,1312-E
131PRECINCT 2-F,1312-F
131PRECINCT 2-G,1312-G
131PRECINCT 2-H,1312-H
131PRECINCT 3-A,1313-A
131PRECINCT 3-B,1313-B
131PRECINCT 3-C,1313-C
131PRECINCT 3-D,1313-D
131PRECINCT 3-E,1313-E
131PRECINCT 3-F,1313-F
131PRECINCT 3-G,1313-G
131PRECINCT 3-H,1313-H
131PRECINCT 3-I,1313-I
131PRECINCT 3-J,1313-J
131PRECINCT 3-K,1313-K
131PRECINCT 3-L,1313-L
131PRECINCT 3-M,1313-M
131PRECINCT 3-O,1313-O
131PRECINCT 4-A,1314-A
131PRECINCT 4-B,1314-B
131PRECINCT 4-C,1314-C
131PRECINCT 4-D,1314-D
131PRECINCT 4-E,1314-E
131PRECINCT 4-F,1314-F
131PRECINCT 4-G,1314-G
131PRECINCT 4-H,1314-H
131PRECINCT 4-I,1314-I
131PRECINCT 4-J,1314-J
131PRECINCT 4-K,1314-K
131PRECINCT 4-L,1314-L
131PRECINCT 4-M,1314-M
131PRECINCT 4-N,1314-N
131PRECINCT 9-1A,1319-1A
131PRECINCT 9-1B,1319-1B
131PRECINCT 9-1C,1319-1C
131PRECINCT 9-1D,1319-1D
131PRECINCT 9-1E,1319-1E
131PRECINCT 9-1F,1319-1F
131PRECINCT 9-1G,1319-1G
131PRECINCT 9-1H,1319-1H
131PRECINCT 9-1I,1319-1I
131PRECINCT 9-1K,1319-1K
131PRECINCT 9-1M,1319-1M
131PRECINCT 9-1N,1319-1N
131PRECINCT 9-1O,1319-1O
131PRECINCT 9-2A,1319-2A
131PRECINCT 9-2B,1319-2B
131PRECINCT 9-2C,1319-2C
131PRECINCT 9-2D,1319-2D
131PRECINCT 9-2E,1319-2E
131PRECINCT 9-2F,1319-2F
131PRECINCT 9-2G,1319-2G
131PRECINCT 9-2H,1319-2H
131PRECINCT 9-2I,1319-2I
131PRECINCT 9-2J,1319-2J
131PRECINCT 9-2K,1319-2K
131PRECINCT 9-2L,1319-2L
131PRECINCT 9-2M,1319-2M
131PRECINCT 9-3A,1319-3A
131PRECINCT 9-3B,1319-3B
131PRECINCT 9-3C,1319-3C
131PRECINCT 9-3D,1319-3D
131PRECINCT 9-3E,1319-3E
131PRECINCT 9-3F,1319-3F
131PRECINCT 9-3G,1319-3G
131PRECINCT 9-3H,1319-3H
131PRECINCT 9-3I,1319-3I
131PRECINCT 9-3J,1319-3J
131PRECINCT 9-3K,1319-3K
131PRECINCT 9-3L,1319-3L
131PRECINCT 9-3M,1319-3M
131PRECINCT 9-3N,1319-3N
131PRECINCT 9-3O,1319-3O
131PRECINCT 9-3P,1319-3P
131PRECINCT 9-4A,1319-4A
131PRECINCT 9-4B,1319-4B
131PRECINCT 9-4C,1319-4C
131PRECINCT 9-4D,1319-4D
131PRECINCT 9-4E,1319-4E
131PRECINCT 9-4F,1319-4F
131PRECINCT 9-4G,1319-4G
131PRECINCT 9-4H,1319-4H
131PRECINCT 9-4I,1319-4I
131PRECINCT 9-4J,1319-4J
131PRECINCT 9-4K,1319-4K
131PRECINCT 9-5A,1319-5A
131PRECINCT 9-5B,1319-5B
131PRECINCT 9-6A,1319-6A
131PRECINCT 9-6B,1319-6B
131PRECINCT 9-6C,1319-6C
131PRECINCT 9-J,1319-J
131PRECINCT 9-L,1319-L
133DE QUEEN EAST,133DEQUEEN EAST
133DE QUEEN NORTH CENTRAL,133DEQUEEN NORTH CENTRAL
133DE QUEEN NORTHWEST,133DEQUEEN NORTHWEST
133DE QUEEN SOUTHWEST,133DEQUEEN SOUTHWEST
139COUNTRY BOX # 1,139EL DORADO COUNTRY BOX 1
139COUNTRY BOX # 2,139EL DORADO COUNTRY BOX 2
139COUNTRY BOX # 3,139EL DORADO COUNTRY BOX 3
139COUNTRY BOX # 4,139EL DORADO COUNTRY BOX 4
139COUNTRY BOX # 6,139EL DORADO COUNTRY BOX 6
139COUNTRY BOX # 7,139EL DORADO COUNTRY BOX 7
139WARD 1,139EL DORADO WARD 1
139WARD 2,139EL DORADO WARD 2
139WARD 3,139EL DORADO WARD 3
139WARD 4,139EL DORADO WARD 4
139WOOLLEYS STORE,139WOOLEYS STORE
143CENTER HOUSE,143CENTER H
143CENTER-2,143CENTER 2
143COVE CREEK-S,143COVE CREEK S
143ELKINS-H,143ELKINS H
143ELM SPRINGS CITY,143ELM SPRGS CTY
143ELM SPRINGS TWP,143ELM SPRINGS
143FARMINGTON-1,143FARMINGTON 1
143FARMINGTON-2,143FARMINGTON 2
143FARMINGTON-S,143FARMINGTON S
143FAY 01,143FAYETTEVILLE 01
143FAY 02,143FAYETTEVILLE 02
143FAY 03,143FAYETTEVILLE 03
143FAY 04,143FAYETTEVILLE 04
143FAY 05,143FAYETTEVILLE 05
143FAY 06,143FAYETTEVILLE 06
143FAY 07,143FAYETTEVILLE 07
143FAY 08,143FAYETTEVILLE 08
143FAY 10,143FAYETTEVILLE 10
143FAY 11,143FAYETTEVILLE 11
143FAY 12,143FAYETTEVILLE 12
143FAY 13,143FAYETTEVILLE 13
143FAY 14,143FAYETTEVILLE 14
143FAY 15,143FAYETTEVILLE 15
143FAY 16,143FAYETTEVILLE 16
143FAY 17,143FAYETTEVILLE 17
143FAY 18,143FAYETTEVILLE 18
143FAY 19,143FAYETTEVILLE 19
143FAY 20,143FAYETTEVILLE 20
143FAY 21,143FAYETTEVILLE 21
143FAY 22,143FAYETTEVILLE 22
143FAY 23,143FAYETTEVILLE 23
143FAY 24,143FAYETTEVILLE 24
143FAY 25,143FAYETTEVILLE 25
143FAY 26,143FAYETTEVILLE 26
143FAY 27,143FAYETTEVILLE 27
143FAY 28,143FAYETTEVILLE 28
143FAY 29,143FAYETTEVILLE 29
143FAY 30,143FAYETTEVILLE 30
143FAY 31,143FAYETTEVILLE 31
143FAY 32,143FAYETTEVILLE 32
143FAY 33,143FAYETTEVILLE 33
143FAY 34,143FAYETTEVILLE 34
143FAY 35,143FAYETTEVILLE 35
143FAY 36,143FAYETTEVILLE 36
143FAY 38,143FAYETTEVILLE 38
143FAY 39,143FAYETTEVILLE 39
143FAY 40,143FAYETTEVILLE 40
143FAY 41,143FAYETTEVILLE 41
143FAY 42,143FAYETTEVILLE 42
143FAY 43,143FAYETTEVILLE 43
143FAY 44,143FAYETTEVILLE 44
143FAY 45,143FAYETTEVILLE 45
143FAY 46,143FAYETTEVILLE 46
143FAY 48,143FAYETTEVILLE 48
143GOSHEN TWP,143GOSHEN
143HARMON-S,143HARMON S
143JOHNSON CITY-S,143JOHNSON CITY S
143JOHNSON TWP,143JOHNSON
143LEES CREEK,143LEE'S CREEK
143LINCOLN,143LINCOLN CITY
143PRAIRIE GR CITY - HOUSE,143PGRV CITY H
143PRAIRIE GR CITY - SENATE,143PGRV CITY S
143PRAIRIE GR TWP,143PRAIRIE GROVE
143PRAIRIE GR TWP-SENATE,143PRAIRIE GROVE S
143PRAIRIE TWP 1,143PRAIRIE 1
143PRAIRIE TWP 2,143PRAIRIE 2
143PRAIRIE TWP 3,143PRAIRIE 3
143PRAIRIE TWP 4,143PRAIRIE 4
143PRAIRIE TWP 5,143PRAIRIE 5
143RICHLAND - SENATE,143RICHLAND S
143SPG 01,143SPRINGDALE 01
143SPG 02,143SPRINGDALE 02
143SPG 03,143SPRINGDALE 03
143SPG 04,143SPRINGDALE 04
143SPG 05,143SPRINGDALE 05
143SPG 06,143SPRINGDALE 06
143SPG 07,143SPRINGDALE 07
143SPG 08,143SPRINGDALE 08
143SPG 09,143SPRINGDALE 09
143SPG 10,143SPRINGDALE 10
143SPG 11,143SPRINGDALE 11
143SPG 12,143SPRINGDALE 12
143SPG 13,143SPRINGDALE 13
143SPG 14,143SPRINGDALE 14
143SPG 15,143SPRINGDALE 15
143SPG 16,143SPRINGDALE 16
143SPG 17,143SPRINGDALE 17
143SPG 18,143SPRINGDALE 18
143SPG 19,143SPRINGDALE 19
143SPG 20,143SPRINGDALE 20
143SPG 21,143SPRINGDALE 21
143SPG 22,143SPRINGDALE 22
143SPG 23,143SPRINGDALE 23
143SPG 24,143SPRINGDALE 24
143SPG 25,143SPRINGDALE 25
143SPG 26,143SPRINGDALE 26
143SPG 27,143SPRINGDALE 27
143SPG TWP,143SPRINGDALE TWP
143TONTITOWN CITY-1,143TONTITOWN CTY 1
143TONTITOWN CITY-2,143TONTITOWN CTY 2
143TONTITOWN CITY-3,143TONTITOWN CTY 3
143TONTITOWN CITY-4,143TONTITOWN CTY 4
143TONTITOWN TWP,143TONTITOWN
143VALLEY-H,143VALLEY H
143VALLEY-S,143VALLEY S
143WEST FORK CITY-1,143WEST FORK CTY 1
143WEST FORK CITY-2,143WEST FORK CTY 2
143WEST FORK CITY-3,143WEST FORK CTY 3
143WEST FORK TWP,143WEST FORK
143WEST FORK TWP-H,143WEST FORK TWP H
143WHEELER-H,143WHEELER H
143WHITE RIVER-H,143WHITE RIVER H
143WHITE RIVER-S,143WHITE RIVER S
143WINSLOW TWP,143WINSLOW
14501 - ALBION,145ALBION
14502 - ANTIOCH,145ANTIOCH
14503 - BALD KNOB WARD 1,145BALD KNOB WARD 1
14504 - BALD KNOB WARD 2,145BALD KNOB WARD 2
14505 - BALD KNOB WARD 3,145BALD KNOB WARD 3
14506 - BALD KNOB TWP,145BALD KNOB TWP
14507 - BEEBE WARD 1,145BEEBE WARD 1
14508 - BEEBE WARD 2,145BEEBE WARD 2
14509 - BEEBE WARD 3,145BEEBE WARD 3
14510 - BIG CREEK,145BIG CREEK
14511 - BRADFORD WARD 1,145BRADFORD WARD 1
14512 - BRADFORD WARD 2,145BRADFORD WARD 2
14513 - BRADFORD WARD 3,145BRADFORD WARD 3
14514 - CADRON,145CADRON
14515 - CANE,145CANE
14516 - CHRISP,145CHRISP
14517 - CLAY,145CLAY
14518 - CLEVELAND,145CLEVELAND
14519 - COFFEY,145COFFEY
14520 - COLDWELL,145COLDWELL
14521 - CROSBY,145CROSBY
14522 - CYPERT,145CYPERT
14523 - DENMARK,145DENMARK
14524 - DES ARC,145DES ARC
14525 - DOGWOOD TWP,145DOGWOOD
14526 - EL PASO,145EL PASO
14527 - FRANCURE,145FRANCURE
14528 - GARNER TWP,145GARNER
14529 - GARNER CITY,145GARNER CITY
14530 - GRAVEL HILL,145GRAVEL HILL
14531 - GRAY A,145GRAY A
14532 - GRAY B,145GRAY B
14533 - GRIFFITHVILLE CITY,145GRIFFITHVILLE CITY
14534 - GUM SPRINGS,145GUM SPRINGS
14535 - GUTHRIE,145GUTHRIE
14536 - HARRISON,145HARRISON
14537 - HARTSELL,145HARTSELL
14538 - HIGGINSON TWP,145HIGGINSON
14539 - HIGGINSON WARD 1,145HIGGINSON WARD 1
14540 - JACKSON,145JACKSON
14541 - JEFFERSON,145JEFFERSON
14542 - JOY,145JOY
14543 - JUDSONIA WARD 1,145JUDSONIA WARD 1
14544 - JUDSONIA WARD 2,145JUDSONIA WARD 2
14545 - JUDSONIA WARD 3,145JUDSONIA WARD 3
14546 - KENSETT WARD 1,145KENSETT WARD 1
14547 - KENSETT WARD 2,145KENSETT WARD 2
14548 - KENSETT WARD 3,145KENSETT WARD 3
14549 - KENSETT TWP,145KENSETT
14550 - KENTUCKY,145KENTUCKY
14551 - LETONA,145LETONA
14552 - LIBERTY,145LIBERTY
14553 - MARION,145MARION
14554 - MARSHALL,145MARSHALL
14555 - MCRAE WARD 1,145MCRAE WARD 1
14556 - MCRAE WARD 2,145MCRAE WARD 2
14557 - MCRAE TWP,145MCRAE
14558 - MT. PISGAH,145MT PISGAH
14559 - PANGBURN WARD 1,145PANGBURN WARD 1
14560 - PANGBURN WARD 2,145PANGBURN WARD 2
14561 - RED RIVER,145RED RIVER
14562 - ROSE BUD CITY,145ROSE BUD CITY
14563 - ROYAL,145ROYAL
14564 - RUSSELL CITY,145RUSSELL CITY
14565 - RUSSELL TWP,145RUSSELL
14566 - SEARCY WARD 1 A,145SEARCY WARD 1 A
14568 - SEARCY WARD 1 C,145SEARCY WARD 1 C
14569 - SEARCY WARD 1 D,145SEARCY WARD 1 D
14571 - SEARCY WARD 2 B,145SEARCY WARD 2 B
14572 - SEARCY WARD 2 C,145SEARCY WARD 2 C
14573 - SEARCY WARD 2 D,145SEARCY WARD 2 D
14574 - SEARCY WARD 3 A,145SEARCY WARD 3 A
14575 - SEARCY WARD 3 B,145SEARCY WARD 3 B
14576 - SEARCY WARD 3 C,145SEARCY WARD 3 C
14577 - SEARCY WARD 3 D,145SEARCY WARD 3 D
14578 - SEARCY WARD 4 A,145SEARCY WARD 4 A
14579 - SEARCY WARD 4 B,145SEARCY WARD 4 B
14580 - SEARCY WARD 4 C,145SEARCY WARD 4 C
14581 - SEARCY WARD 2 E,145SEARCY WARD 2 E
14582 - UNION,145UNION
14583 - VELVET RIDGE,145VELVET RIDGE
14584 - WALKER,145WALKER
14585 - WEST POINT,145WEST POINT
14586 - GEORGETOWN CITY,145GEORGETOWN CITY
14587 - BALD KNOB NORTH,145BALD KNOB NORTH
14590 - BEEBE WARD 3 C,145BEEBE WARD 3 C
14591 - HARRISON EAST,145HARRISON EAST
14592 - SEARCY WARD 1 E,145SEARCY WARD 1 E
14593 - SEARCY WARD 3 E,145SEARCY WARD 3 E
14594 - PANGBURN WARD 3,145PANGBURN WARD 3
14595 - HIGGINSON WARD 2,145HIGGINSON WARD 2
14596 - HIGGINSON WARD 3,145HIGGINSON WARD 3
147AUGUSTA - 01,147AUGUSTA PRECINCT 1
147AUGUSTA - 02,147AUGUSTA PRECINCT 2
147AUGUSTA - 03,147AUGUSTA PRECINCT 3
147COTTON PLANT - 08,147COTTON PLANT PRECINCT 8
147COTTON PLANT - 09,147COTTON PLANT PRECINCT 9
147COTTON PLANT/ FREEMAN - 07,147COTTON PLANT/FREEMAN PRECINCT 7
147FAKES CHAPEL - 20,147FAKES CHAPEL PRECINCT 20
147GREGORY - 06,147GREGORY PRECINCT 6
147HILLEMAN - 13,147HILLEMAN PRECINCT 13
147HOWELL - 12,147HOWELL PRECINCT 12
147HUNTER - 11,147HUNTER PRECINCT 11
147MCCRORY - 17,147MCCRORY PRECINCT 17
147MCCRORY - 18,147MCCRORY PRECINCT 18
147MCCRORY RURAL - 15,147MCCRORY RURAL PRECINCT 15
147MORTON - 14,147MORTON PRECINCT 14
147NORTH RURAL AUGUSTA - 04,147NORTH RURAL AUGUSTA PRECINCT 4
147PATTERSON - 16,147PATTERSON WARD 16
147PUMKIN BEND - 19,147PUMPKIN BEND PRECINCT 19
147RURAL HUNTER - 10,147RURAL HUNTER PRECINCT 10
147SOUTH RURAL AUGUSTA - 05,147SOUTH RURAL AUGUSTA PRECINCT 5
14901 - BLUFFTON,149BLUFFTON
14902 - BRIGGSVILLE,149BRIGGSVILLE
14903 - CENTERVILLE,149CENTERVILLE
14904 - COMPTON,149COMPTON
14905 - CRAWFORD,149CRAWFORD
14906 - DANVILLE,149DANVILLE
14907 - DARDANELLE OUTSIDE,149DARDANELLE OUT
14908 - DARDANELLE WARD 1,149DARDANELLE WARD 1
14909 - DARDANELLE WARD 2,149DARDANELLE WARD 2
14911 - DUTCH CREEK,149DUTCH CREEK
14912 - FERGUSON,149FERGUSON
14913 - GALLA ROCK,149GALLA ROCK
14914 - GILKEY,149GILKEY
14915 - GRAVELLY,149GRAVELLY
14916 - HERRING,149HERRING
14917 - LAMAR,149LAMAR
14918 - MAGAZINE 1,149MAGAZINE WARD 1
14919 - MAGAZINE 2,149MAGAZINE WARD 2
14920 - MASON,149MASON
14921 - MOUNTAIN,149MOUNTAIN
14922 - PRAIRIE,149PRAIRIE
14923 - RICHLAND,149RICHLAND
14924 - WAVELAND,149WAVELAND
14925 - RILEY,149RILEY
14926 - ROVER,149ROVER
14928 - WARD,149WARD
14929 - IONS CREEK,149IONS CREEK
